<keymap version="1" name="Vim" parent="$default">
  <action id="$Cut">
    <keyboard-shortcut first-keystroke="shift delete" />
  </action>
  <action id="$Redo">
    <keyboard-shortcut first-keystroke="shift alt back_space" />
  </action>
  <action id="$SelectAll" />
  <action id="$Undo">
    <keyboard-shortcut first-keystroke="alt back_space" />
  </action>
  <action id="ActivateSQLToolWindow">
    <keyboard-shortcut first-keystroke="alt 8" />
  </action>
  <action id="Ant_8aba1931_batch-builder ver1.0_compile">
    <keyboard-shortcut first-keystroke="shift ctrl alt a" />
  </action>
  <action id="CheckinProject" />
  <action id="ClassNameCompletion" />
  <action id="ClearCase.CheckInProject" />
  <action id="CloseAllEditors">
    <keyboard-shortcut first-keystroke="shift ctrl alt w" />
  </action>
  <action id="CloseContent">
    <keyboard-shortcut first-keystroke="ctrl f4" />
    <keyboard-shortcut first-keystroke="shift ctrl w" />
  </action>
  <action id="CloseWindow">
    <keyboard-shortcut first-keystroke="escape" />
  </action>
  <action id="CodeCompletion" />
  <action id="CommanderSwapPanels" />
  <action id="Compare.LastVersion">
    <keyboard-shortcut first-keystroke="shift ctrl alt d" />
  </action>
  <action id="CompileDirty">
    <keyboard-shortcut first-keystroke="ctrl f9" />
  </action>
  <action id="ConsoleView.ClearAll">
    <keyboard-shortcut first-keystroke="ctrl r" />
  </action>
  <action id="ContextHelp" />
  <action id="Editor Copy">
    <keyboard-shortcut first-keystroke="ctrl c" />
  </action>
  <action id="Editor Paste">
    <keyboard-shortcut first-keystroke="ctrl v" />
  </action>
  <action id="EditorBackSpace">
    <keyboard-shortcut first-keystroke="back_space" />
  </action>
  <action id="EditorCodeBlockEnd" />
  <action id="EditorCodeBlockStart" />
  <action id="EditorCompleteStatement">
    <keyboard-shortcut first-keystroke="enter" />
  </action>
  <action id="EditorCopy">
    <keyboard-shortcut first-keystroke="ctrl c" />
    <keyboard-shortcut first-keystroke="ctrl insert" />
  </action>
  <action id="EditorCut">
    <keyboard-shortcut first-keystroke="shift delete" />
  </action>
  <action id="EditorDeleteLine" />
  <action id="EditorDeleteToWordEnd" />
  <action id="EditorDeleteToWordStart" />
  <action id="EditorDownWithSelection" />
  <action id="EditorDuplicate" />
  <action id="EditorEnter">
    <keyboard-shortcut first-keystroke="shift enter" />
  </action>
  <action id="EditorIndentSelection" />
  <action id="EditorJoinLines" />
  <action id="EditorLeftWithSelection" />
  <action id="EditorLineEndWithSelection" />
  <action id="EditorLineStartWithSelection" />
  <action id="EditorMoveToPageBottom" />
  <action id="EditorMoveToPageBottomWithSelection" />
  <action id="EditorMoveToPageTop" />
  <action id="EditorMoveToPageTopWithSelection" />
  <action id="EditorNextWord" />
  <action id="EditorNextWordWithSelection" />
  <action id="EditorPageDownWithSelection" />
  <action id="EditorPageUpWithSelection" />
  <action id="EditorPaste">
    <keyboard-shortcut first-keystroke="ctrl v" />
    <keyboard-shortcut first-keystroke="shift insert" />
  </action>
  <action id="EditorPasteSimple">
    <keyboard-shortcut first-keystroke="shift ctrl alt v" />
    <keyboard-shortcut first-keystroke="ctrl v" />
  </action>
  <action id="EditorPreviousWord" />
  <action id="EditorPreviousWordWithSelection" />
  <action id="EditorRedo" />
  <action id="EditorRightWithSelection" />
  <action id="EditorScrollDown" />
  <action id="EditorScrollToCenter" />
  <action id="EditorScrollUp" />
  <action id="EditorSelectAll" />
  <action id="EditorSplitLine" />
  <action id="EditorStartNewLine" />
  <action id="EditorTextEnd" />
  <action id="EditorTextEndWithSelection" />
  <action id="EditorTextStart" />
  <action id="EditorTextStartWithSelection" />
  <action id="EditorToggleCase">
    <keyboard-shortcut first-keystroke="ctrl alt t" />
  </action>
  <action id="EditorUnSelectWord" />
  <action id="EditorUndo" />
  <action id="EditorUnindentSelection" />
  <action id="EditorUpWithSelection" />
  <action id="Find">
    <keyboard-shortcut first-keystroke="ctrl g" />
  </action>
  <action id="FindBugs.ShowQuickSearch" />
  <action id="FindNext">
    <keyboard-shortcut first-keystroke="shift ctrl f3" />
  </action>
  <action id="FindPrevious">
    <keyboard-shortcut first-keystroke="shift f3" />
  </action>
  <action id="Generate">
    <keyboard-shortcut first-keystroke="alt insert" />
    <keyboard-shortcut first-keystroke="alt g" />
    <keyboard-shortcut first-keystroke="shift alt g" />
  </action>
  <action id="GotoClass">
    <keyboard-shortcut first-keystroke="shift alt n" />
  </action>
  <action id="GotoDeclaration">
    <mouse-shortcut keystroke="control button1" />
    <mouse-shortcut keystroke="button2" />
    <keyboard-shortcut first-keystroke="f3" />
  </action>
  <action id="GotoImplementation">
    <keyboard-shortcut first-keystroke="ctrl t" />
    <keyboard-shortcut first-keystroke="ctrl alt b" />
    <keyboard-shortcut first-keystroke="alt f3" />
  </action>
  <action id="GotoLine" />
  <action id="GotoSuperMethod">
    <keyboard-shortcut first-keystroke="shift ctrl u" />
  </action>
  <action id="ImplementMethods" />
  <action id="MethodHierarchy.ImplementMethodAction" />
  <action id="MethodHierarchy.OverrideMethodAction">
    <keyboard-shortcut first-keystroke="shift ctrl o" />
  </action>
  <action id="NewElement">
    <keyboard-shortcut first-keystroke="alt insert" />
    <keyboard-shortcut first-keystroke="ctrl n" />
  </action>
  <action id="OverrideMethods">
    <keyboard-shortcut first-keystroke="shift ctrl o" />
  </action>
  <action id="ParameterInfo">
    <keyboard-shortcut first-keystroke="shift ctrl p" />
  </action>
  <action id="QuickJavaDoc">
    <mouse-shortcut keystroke="alt button2" />
  </action>
  <action id="Replace">
    <keyboard-shortcut first-keystroke="ctrl h" />
  </action>
  <action id="Runner.CloseView">
    <keyboard-shortcut first-keystroke="escape" />
  </action>
  <action id="Scala.ShowImplicits">
    <keyboard-shortcut first-keystroke="shift ctrl alt equals" />
    <keyboard-shortcut first-keystroke="shift ctrl alt add" />
  </action>
  <action id="ShowNavBar">
    <keyboard-shortcut first-keystroke="alt home" />
    <keyboard-shortcut first-keystroke="shift home" />
  </action>
  <action id="SmartTypeCompletion" />
  <action id="Starteam.CheckinProject" />
  <action id="Subversion.CommitProject" />
  <action id="SwitchApply">
    <keyboard-shortcut first-keystroke="shift alt enter" />
  </action>
  <action id="SwitchDown">
    <keyboard-shortcut first-keystroke="shift alt down" />
  </action>
  <action id="SwitchLeft">
    <keyboard-shortcut first-keystroke="shift alt left" />
  </action>
  <action id="SwitchRight">
    <keyboard-shortcut first-keystroke="shift alt right" />
  </action>
  <action id="SwitchUp">
    <keyboard-shortcut first-keystroke="shift alt up" />
  </action>
  <action id="Synchronize">
    <keyboard-shortcut first-keystroke="ctrl alt y" />
    <keyboard-shortcut first-keystroke="alt r" />
  </action>
  <action id="TypeHierarchy">
    <keyboard-shortcut first-keystroke="shift ctrl alt h" />
  </action>
  <action id="Vcs.UpdateProject" />
  <action id="VimInsertExitMode">
    <keyboard-shortcut first-keystroke="escape" />
  </action>
  <action id="VimKeyHandler">
    <keyboard-shortcut first-keystroke="ctrl 2" />
    <keyboard-shortcut first-keystroke="ctrl a" />
    <keyboard-shortcut first-keystroke="ctrl alt space" />
    <keyboard-shortcut first-keystroke="ctrl b" />
    <keyboard-shortcut first-keystroke="ctrl back_slash" />
    <keyboard-shortcut first-keystroke="ctrl close_bracket" />
    <keyboard-shortcut first-keystroke="ctrl d" />
    <keyboard-shortcut first-keystroke="ctrl e" />
    <keyboard-shortcut first-keystroke="ctrl end" />
    <keyboard-shortcut first-keystroke="ctrl f" />
    <keyboard-shortcut first-keystroke="ctrl home" />
    <keyboard-shortcut first-keystroke="ctrl i" />
    <keyboard-shortcut first-keystroke="ctrl j" />
    <keyboard-shortcut first-keystroke="ctrl k" />
    <keyboard-shortcut first-keystroke="ctrl l" />
    <keyboard-shortcut first-keystroke="ctrl left" />
    <keyboard-shortcut first-keystroke="ctrl m" />
    <keyboard-shortcut first-keystroke="ctrl n" />
    <keyboard-shortcut first-keystroke="ctrl o" />
    <keyboard-shortcut first-keystroke="ctrl open_bracket" />
    <keyboard-shortcut first-keystroke="ctrl p" />
    <keyboard-shortcut first-keystroke="ctrl page_down" />
    <keyboard-shortcut first-keystroke="ctrl page_up" />
    <keyboard-shortcut first-keystroke="ctrl q" />
    <keyboard-shortcut first-keystroke="ctrl r" />
    <keyboard-shortcut first-keystroke="ctrl right" />
    <keyboard-shortcut first-keystroke="ctrl s" />
    <keyboard-shortcut first-keystroke="ctrl space" />
    <keyboard-shortcut first-keystroke="ctrl t" />
    <keyboard-shortcut first-keystroke="ctrl u" />
    <keyboard-shortcut first-keystroke="ctrl w" />
    <keyboard-shortcut first-keystroke="ctrl x" />
    <keyboard-shortcut first-keystroke="ctrl y" />
    <keyboard-shortcut first-keystroke="ctrl z" />
    <keyboard-shortcut first-keystroke="kp_down" />
    <keyboard-shortcut first-keystroke="kp_left" />
    <keyboard-shortcut first-keystroke="kp_right" />
    <keyboard-shortcut first-keystroke="kp_up" />
    <keyboard-shortcut first-keystroke="shift ctrl 2" />
    <keyboard-shortcut first-keystroke="shift ctrl space" />
    <keyboard-shortcut first-keystroke="shift down" />
    <keyboard-shortcut first-keystroke="shift left" />
    <keyboard-shortcut first-keystroke="shift right" />
    <keyboard-shortcut first-keystroke="shift up" />
  </action>
  <action id="VimMotionTextInnerWord">
    <keyboard-shortcut first-keystroke="ctrl w" />
  </action>
  <action id="VimPluginToggle">
    <keyboard-shortcut first-keystroke="alt v" />
  </action>
  <action id="VimRedo">
    <keyboard-shortcut first-keystroke="ctrl y" />
  </action>
  <action id="VimVisualExitMode">
    <keyboard-shortcut first-keystroke="escape" />
  </action>
</keymap>