<application>
  <component name="CommunityFileTypes" version="10">
    <ignoreFiles list="CVS;SCCS;RCS;rcs;.DS_Store;.svn;.pyc;.pyo;*.pyc;*.pyo;.git;*.hprof;_svn;.hg;*.lib;*~;__pycache__;.bundle;*.orig;" />
    <extensionMap>
      <mapping ext="hgignore" type="PLAIN_TEXT" />
      <mapping ext="jspx" type="XML" />
      <mapping ext="pom" type="XML" />
      <mapping ext="rng" type="XML" />
      <mapping ext="tagx" type="XML" />
    </extensionMap>
  </component>
  <component name="FileTypeManager" version="17">
    <ignoreFiles list="*.hprof;*.orig;*.pyc;*.pyo;*.rbc;*~;.DS_Store;.git;.hg;.svn;CVS;RCS;SCCS;__pycache__;_svn;rcs;vssver.scc;vssver2.scc;" />
    <extensionMap>
      <mapping ext="klib" type="ARCHIVE" />
      <mapping pattern="NoveltyItemMaster_COPY_FROM_01_20180322" type="PLAIN_TEXT" />
      <mapping pattern="NoveltyItemMaster_COPY_FROM_01_20180320" type="PLAIN_TEXT" />
      <mapping pattern="null20180322_JST" type="PLAIN_TEXT" />
      <mapping pattern=".gitkeep" type="PLAIN_TEXT" />
      <mapping ext="mine" type="PLAIN_TEXT" />
      <mapping ext="expected" type="PLAIN_TEXT" />
      <mapping ext="expected1" type="PLAIN_TEXT" />
      <mapping ext="20180326175740_jst" type="PLAIN_TEXT" />
      <mapping ext="ccf" type="PLAIN_TEXT" />
      <mapping ext="20180326122922_jst" type="PLAIN_TEXT" />
      <mapping ext="csv20180322_jst" type="PLAIN_TEXT" />
      <mapping ext="csv20180323_jst" type="PLAIN_TEXT" />
      <mapping ext="20180326175749_jst" type="PLAIN_TEXT" />
      <mapping ext="20180326115621_jst" type="PLAIN_TEXT" />
      <mapping ext="gz" type="PLAIN_TEXT" />
      <mapping ext="20130430191106_image" type="PLAIN_TEXT" />
      <mapping ext="20180326122921_jst" type="PLAIN_TEXT" />
      <mapping ext="20180326124118_jst" type="PLAIN_TEXT" />
      <mapping ext="20180326175746_jst" type="PLAIN_TEXT" />
      <mapping ext="20180326175742_jst" type="PLAIN_TEXT" />
      <mapping ext="config" type="PLAIN_TEXT" />
      <mapping ext="env" type="PLAIN_TEXT" />
      <mapping ext="ini" type="PLAIN_TEXT" />
    </extensionMap>
  </component>
</application>