<application>
  <component name="ProjectManager">
    <defaultProject>
      <component name="CCaseConfig">
        <option name="checkoutReserved" value="false" />
        <option name="markExternalChangeAsUpToDate" value="true" />
        <option name="checkInUseHijack" value="true" />
        <option name="useUcmModel" value="true" />
        <option name="synchOutside" value="false" />
        <option name="isHistoryResticted" value="true" />
        <option name="useIdenticalSwitch" value="true" />
        <option name="synchActivitiesOnRefresh" value="true" />
        <option name="lastScr" value="" />
        <option name="scrTextFileName" value="" />
        <option name="historyRevisionsNumber" value="4" />
      </component>
      <component name="ClassPatternConfiguration">
        <testPatterns />
      </component>
      <component name="CompilerConfiguration">
        <wildcardResourcePatterns>
          <entry name="?*.properties" />
          <entry name="?*.xml" />
          <entry name="?*.gif" />
          <entry name="?*.png" />
          <entry name="?*.jpeg" />
          <entry name="?*.jpg" />
          <entry name="?*.html" />
          <entry name="?*.dtd" />
          <entry name="?*.tld" />
          <entry name="?*.ftl" />
        </wildcardResourcePatterns>
      </component>
      <component name="CoverageDataManager" choice="3" />
      <component name="DebuggerManager">
        <breakpoint_any converted="true">
          <breakpoint>
            <option name="NOTIFY_CAUGHT" value="true" />
            <option name="NOTIFY_UNCAUGHT" value="true" />
            <option name="ENABLED" value="false" />
            <option name="LOG_ENABLED" value="false" />
            <option name="LOG_EXPRESSION_ENABLED" value="false" />
            <option name="SUSPEND_POLICY" value="SuspendAll" />
            <option name="SUSPEND" value="true" />
            <option name="COUNT_FILTER_ENABLED" value="false" />
            <option name="COUNT_FILTER" value="0" />
            <option name="CONDITION_ENABLED" value="true" />
            <option name="CLASS_FILTERS_ENABLED" value="false" />
            <option name="INSTANCE_FILTERS_ENABLED" value="false" />
            <option name="CONDITION" value="" />
            <option name="LOG_MESSAGE" value="" />
          </breakpoint>
          <breakpoint>
            <option name="NOTIFY_CAUGHT" value="true" />
            <option name="NOTIFY_UNCAUGHT" value="true" />
            <option name="ENABLED" value="false" />
            <option name="LOG_ENABLED" value="false" />
            <option name="LOG_EXPRESSION_ENABLED" value="false" />
            <option name="SUSPEND_POLICY" value="SuspendAll" />
            <option name="SUSPEND" value="true" />
            <option name="COUNT_FILTER_ENABLED" value="false" />
            <option name="COUNT_FILTER" value="0" />
            <option name="CONDITION_ENABLED" value="true" />
            <option name="CLASS_FILTERS_ENABLED" value="false" />
            <option name="INSTANCE_FILTERS_ENABLED" value="false" />
            <option name="CONDITION" value="" />
            <option name="LOG_MESSAGE" value="" />
          </breakpoint>
        </breakpoint_any>
        <breakpoint_rules converted="true" />
        <ui_properties converted="true" />
      </component>
      <component name="Encoding" addBOMForNewFiles="with NO BOM">
        <file url="PROJECT" charset="UTF-8" />
      </component>
      <component name="IdProvider" IDEtalkID="30924BA66C6B004004B87657FB46F024" />
      <component name="JUnitClassTemplateConfiguration">
        <option name="DONT_SHOW_TEMPLATE_DIALOG_IF_ONLY_ONE_TEMPLATE" value="false" />
        <option name="DONT_SHOW_METHODS_DIALOG_IF_ONLY_ONE_METHOD" value="false" />
        <option name="LAST_TEMPLATE_NAME" />
        <option name="TEST_TEMPLATES">
          <value>
            <list size="0" />
          </value>
        </option>
      </component>
      <component name="JUnitMethodTemplateConfiguration">
        <option name="DONT_SHOW_TEMPLATE_DIALOG_IF_ONLY_ONE_TEMPLATE" value="false" />
        <option name="DONT_SHOW_METHODS_DIALOG_IF_ONLY_ONE_METHOD" value="false" />
        <option name="LAST_TEMPLATE_NAME" />
        <option name="TEST_TEMPLATES">
          <value>
            <list size="0" />
          </value>
        </option>
      </component>
      <component name="JUnitTestConfiguration">
        <option name="IS_AUTO_TEST_CLASS_RENAME_ENABLED" value="true" />
        <option name="IS_AUTO_TEST_CLASS_MOVE_ENABLED" value="true" />
        <option name="IS_AUTO_TEST_CLASS_REFACTORING_ENABLED" value="true" />
        <option name="IS_AUTO_TEST_METHODS_RENAME_ENABLED" value="true" />
        <option name="IS_UNTESTED_METHOD_ICON_ENABLED" value="true" />
        <option name="IS_GET_METHOD_ICONS_ENABLED" value="true" />
        <option name="IS_SET_METHOD_ICONS_ENABLED" value="true" />
        <option name="IS_UNIT_TEST_ENABLED" value="true" />
      </component>
      <component name="JavadocGenerationManager">
        <option name="OUTPUT_DIRECTORY" />
        <option name="OPTION_SCOPE" value="protected" />
        <option name="OPTION_HIERARCHY" value="true" />
        <option name="OPTION_NAVIGATOR" value="true" />
        <option name="OPTION_INDEX" value="true" />
        <option name="OPTION_SEPARATE_INDEX" value="true" />
        <option name="OPTION_DOCUMENT_TAG_USE" value="false" />
        <option name="OPTION_DOCUMENT_TAG_AUTHOR" value="false" />
        <option name="OPTION_DOCUMENT_TAG_VERSION" value="false" />
        <option name="OPTION_DOCUMENT_TAG_DEPRECATED" value="true" />
        <option name="OPTION_DEPRECATED_LIST" value="true" />
        <option name="OTHER_OPTIONS" value="" />
        <option name="HEAP_SIZE" />
        <option name="LOCALE" />
        <option name="OPEN_IN_BROWSER" value="true" />
      </component>
      <component name="MavenBuildProjectComponent">
        <option name="mavenExecutable" value="" />
        <option name="Settings File" value="C:\Documents and Settings\park\.m2\settings.xml" />
        <option name="mavenCommandLineParams" value="" />
        <option name="vmOptions" value="" />
        <option name="useMavenEmbedder" value="false" />
        <option name="useFilter" value="false" />
        <option name="Batch Mode" value="false" />
        <option name="Check Plugin Updates" value="false" />
        <option name="Debug" value="false" />
        <option name="Errors" value="false" />
        <option name="Fail At End" value="false" />
        <option name="Fail Fast" value="false" />
        <option name="Fail Never" value="false" />
        <option name="Lax Checksums" value="false" />
        <option name="No Plugin Registry" value="false" />
        <option name="No Plugin Updates" value="false" />
        <option name="Non Recursive" value="false" />
        <option name="Offline" value="false" />
        <option name="Reactor" value="false" />
        <option name="Strict Checksums" value="false" />
        <option name="Update Plugins" value="false" />
        <option name="Update Snapshots" value="false" />
        <option name="Skip Tests" value="false" />
        <pom-list />
      </component>
      <component name="MavenRunner">
        <option name="jreName" value="#JAVA_INTERNAL" />
      </component>
      <component name="ModuleEditorState">
        <option name="LAST_EDITED_MODULE_NAME" />
        <option name="LAST_EDITED_TAB_NAME" />
      </component>
      <component name="Palette2">
        <group name="Swing">
          <item class="com.intellij.uiDesigner.HSpacer" tooltip-text="Horizontal Spacer" icon="/com/intellij/uiDesigner/icons/hspacer.png" removable="false" auto-create-binding="false" can-attach-label="false">
            <default-constraints vsize-policy="1" hsize-policy="6" anchor="0" fill="1" />
          </item>
          <item class="com.intellij.uiDesigner.VSpacer" tooltip-text="Vertical Spacer" icon="/com/intellij/uiDesigner/icons/vspacer.png" removable="false" auto-create-binding="false" can-attach-label="false">
            <default-constraints vsize-policy="6" hsize-policy="1" anchor="0" fill="2" />
          </item>
          <item class="javax.swing.JPanel" icon="/com/intellij/uiDesigner/icons/panel.png" removable="false" auto-create-binding="false" can-attach-label="false">
            <default-constraints vsize-policy="3" hsize-policy="3" anchor="0" fill="3" />
          </item>
          <item class="javax.swing.JScrollPane" icon="/com/intellij/uiDesigner/icons/scrollPane.png" removable="false" auto-create-binding="false" can-attach-label="true">
            <default-constraints vsize-policy="7" hsize-policy="7" anchor="0" fill="3" />
          </item>
          <item class="javax.swing.JButton" icon="/com/intellij/uiDesigner/icons/button.png" removable="false" auto-create-binding="true" can-attach-label="false">
            <default-constraints vsize-policy="0" hsize-policy="3" anchor="0" fill="1" />
            <initial-values>
              <property name="text" value="Button" />
            </initial-values>
          </item>
          <item class="javax.swing.JRadioButton" icon="/com/intellij/uiDesigner/icons/radioButton.png" removable="false" auto-create-binding="true" can-attach-label="false">
            <default-constraints vsize-policy="0" hsize-policy="3" anchor="8" fill="0" />
            <initial-values>
              <property name="text" value="RadioButton" />
            </initial-values>
          </item>
          <item class="javax.swing.JCheckBox" icon="/com/intellij/uiDesigner/icons/checkBox.png" removable="false" auto-create-binding="true" can-attach-label="false">
            <default-constraints vsize-policy="0" hsize-policy="3" anchor="8" fill="0" />
            <initial-values>
              <property name="text" value="CheckBox" />
            </initial-values>
          </item>
          <item class="javax.swing.JLabel" icon="/com/intellij/uiDesigner/icons/label.png" removable="false" auto-create-binding="false" can-attach-label="false">
            <default-constraints vsize-policy="0" hsize-policy="0" anchor="8" fill="0" />
            <initial-values>
              <property name="text" value="Label" />
            </initial-values>
          </item>
          <item class="javax.swing.JTextField" icon="/com/intellij/uiDesigner/icons/textField.png" removable="false" auto-create-binding="true" can-attach-label="true">
            <default-constraints vsize-policy="0" hsize-policy="6" anchor="8" fill="1">
              <preferred-size width="150" height="-1" />
            </default-constraints>
          </item>
          <item class="javax.swing.JPasswordField" icon="/com/intellij/uiDesigner/icons/passwordField.png" removable="false" auto-create-binding="true" can-attach-label="true">
            <default-constraints vsize-policy="0" hsize-policy="6" anchor="8" fill="1">
              <preferred-size width="150" height="-1" />
            </default-constraints>
          </item>
          <item class="javax.swing.JFormattedTextField" icon="/com/intellij/uiDesigner/icons/formattedTextField.png" removable="false" auto-create-binding="true" can-attach-label="true">
            <default-constraints vsize-policy="0" hsize-policy="6" anchor="8" fill="1">
              <preferred-size width="150" height="-1" />
            </default-constraints>
          </item>
          <item class="javax.swing.JTextArea" icon="/com/intellij/uiDesigner/icons/textArea.png" removable="false" auto-create-binding="true" can-attach-label="true">
            <default-constraints vsize-policy="6" hsize-policy="6" anchor="0" fill="3">
              <preferred-size width="150" height="50" />
            </default-constraints>
          </item>
          <item class="javax.swing.JTextPane" icon="/com/intellij/uiDesigner/icons/textPane.png" removable="false" auto-create-binding="true" can-attach-label="true">
            <default-constraints vsize-policy="6" hsize-policy="6" anchor="0" fill="3">
              <preferred-size width="150" height="50" />
            </default-constraints>
          </item>
          <item class="javax.swing.JEditorPane" icon="/com/intellij/uiDesigner/icons/editorPane.png" removable="false" auto-create-binding="true" can-attach-label="true">
            <default-constraints vsize-policy="6" hsize-policy="6" anchor="0" fill="3">
              <preferred-size width="150" height="50" />
            </default-constraints>
          </item>
          <item class="javax.swing.JComboBox" icon="/com/intellij/uiDesigner/icons/comboBox.png" removable="false" auto-create-binding="true" can-attach-label="true">
            <default-constraints vsize-policy="0" hsize-policy="2" anchor="8" fill="1" />
          </item>
          <item class="javax.swing.JTable" icon="/com/intellij/uiDesigner/icons/table.png" removable="false" auto-create-binding="true" can-attach-label="false">
            <default-constraints vsize-policy="6" hsize-policy="6" anchor="0" fill="3">
              <preferred-size width="150" height="50" />
            </default-constraints>
          </item>
          <item class="javax.swing.JList" icon="/com/intellij/uiDesigner/icons/list.png" removable="false" auto-create-binding="true" can-attach-label="false">
            <default-constraints vsize-policy="6" hsize-policy="2" anchor="0" fill="3">
              <preferred-size width="150" height="50" />
            </default-constraints>
          </item>
          <item class="javax.swing.JTree" icon="/com/intellij/uiDesigner/icons/tree.png" removable="false" auto-create-binding="true" can-attach-label="false">
            <default-constraints vsize-policy="6" hsize-policy="6" anchor="0" fill="3">
              <preferred-size width="150" height="50" />
            </default-constraints>
          </item>
          <item class="javax.swing.JTabbedPane" icon="/com/intellij/uiDesigner/icons/tabbedPane.png" removable="false" auto-create-binding="true" can-attach-label="false">
            <default-constraints vsize-policy="3" hsize-policy="3" anchor="0" fill="3">
              <preferred-size width="200" height="200" />
            </default-constraints>
          </item>
          <item class="javax.swing.JSplitPane" icon="/com/intellij/uiDesigner/icons/splitPane.png" removable="false" auto-create-binding="false" can-attach-label="false">
            <default-constraints vsize-policy="3" hsize-policy="3" anchor="0" fill="3">
              <preferred-size width="200" height="200" />
            </default-constraints>
          </item>
          <item class="javax.swing.JSpinner" icon="/com/intellij/uiDesigner/icons/spinner.png" removable="false" auto-create-binding="true" can-attach-label="true">
            <default-constraints vsize-policy="0" hsize-policy="6" anchor="8" fill="1" />
          </item>
          <item class="javax.swing.JSlider" icon="/com/intellij/uiDesigner/icons/slider.png" removable="false" auto-create-binding="true" can-attach-label="false">
            <default-constraints vsize-policy="0" hsize-policy="6" anchor="8" fill="1" />
          </item>
          <item class="javax.swing.JSeparator" icon="/com/intellij/uiDesigner/icons/separator.png" removable="false" auto-create-binding="false" can-attach-label="false">
            <default-constraints vsize-policy="6" hsize-policy="6" anchor="0" fill="3" />
          </item>
          <item class="javax.swing.JProgressBar" icon="/com/intellij/uiDesigner/icons/progressbar.png" removable="false" auto-create-binding="true" can-attach-label="false">
            <default-constraints vsize-policy="0" hsize-policy="6" anchor="0" fill="1" />
          </item>
          <item class="javax.swing.JToolBar" icon="/com/intellij/uiDesigner/icons/toolbar.png" removable="false" auto-create-binding="false" can-attach-label="false">
            <default-constraints vsize-policy="0" hsize-policy="6" anchor="0" fill="1">
              <preferred-size width="-1" height="20" />
            </default-constraints>
          </item>
          <item class="javax.swing.JToolBar$Separator" icon="/com/intellij/uiDesigner/icons/toolbarSeparator.png" removable="false" auto-create-binding="false" can-attach-label="false">
            <default-constraints vsize-policy="0" hsize-policy="0" anchor="0" fill="1" />
          </item>
          <item class="javax.swing.JScrollBar" icon="/com/intellij/uiDesigner/icons/scrollbar.png" removable="false" auto-create-binding="true" can-attach-label="false">
            <default-constraints vsize-policy="6" hsize-policy="0" anchor="0" fill="2" />
          </item>
        </group>
      </component>
      <component name="ProjectReloadState">
        <option name="STATE" value="0" />
      </component>
      <component name="ProjectRootManager" version="2" languageLevel="JDK_1_5" />
      <component name="PropertiesComponent">
        <property name="GoToFile.includeJavaFiles" value="false" />
        <property name="project.structure.last.edited" value="Project" />
        <property name="project.structure.proportion" value="0.0" />
        <property name="options.splitter.main.proportions" value="0.3" />
        <property name="options.lastSelected" value="preferences.pluginManager" />
        <property name="MemberChooser.sorted" value="false" />
        <property name="project.structure.side.proportion" value="0.0" />
        <property name="MemberChooser.copyJavadoc" value="false" />
        <property name="GoToClass.toSaveIncludeLibraries" value="false" />
        <property name="MemberChooser.showClasses" value="true" />
        <property name="GoToClass.includeLibraries" value="false" />
        <property name="options.splitter.details.proportions" value="0.2" />
        <property name="options.searchVisible" value="true" />
      </component>
      <component name="RunManager">
        <configuration default="true" type="Applet" factoryName="Applet">
          <option name="WIDTH" value="400" />
          <option name="HEIGHT" value="300" />
          <option name="POLICY_FILE" value="$APPLICATION_HOME_DIR$/bin/appletviewer.policy" />
          <module />
          <method />
        </configuration>
        <configuration default="true" type="Application" factoryName="Application">
          <extension name="coverage" enabled="false" merge="false" runner="idea" />
          <option name="MAIN_CLASS_NAME" />
          <option name="VM_PARAMETERS" />
          <option name="PROGRAM_PARAMETERS" />
          <option name="WORKING_DIRECTORY" value="$PROJECT_DIR$" />
          <option name="ALTERNATIVE_JRE_PATH_ENABLED" value="false" />
          <option name="ALTERNATIVE_JRE_PATH" />
          <option name="ENABLE_SWING_INSPECTOR" value="false" />
          <option name="ENV_VARIABLES" />
          <option name="PASS_PARENT_ENVS" value="true" />
          <module name="" />
          <envs />
          <method />
        </configuration>
        <configuration default="true" type="JUnit" factoryName="JUnit">
          <extension name="coverage" enabled="false" merge="false" runner="idea" />
          <module name="" />
          <option name="ALTERNATIVE_JRE_PATH_ENABLED" value="false" />
          <option name="ALTERNATIVE_JRE_PATH" />
          <option name="PACKAGE_NAME" />
          <option name="MAIN_CLASS_NAME" />
          <option name="METHOD_NAME" />
          <option name="TEST_OBJECT" value="class" />
          <option name="VM_PARAMETERS" />
          <option name="PARAMETERS" />
          <option name="WORKING_DIRECTORY" value="$PROJECT_DIR$" />
          <option name="ENV_VARIABLES" />
          <option name="PASS_PARENT_ENVS" value="true" />
          <option name="TEST_SEARCH_SCOPE">
            <value defaultName="moduleWithDependencies" />
          </option>
          <envs />
          <patterns />
          <method />
        </configuration>
        <configuration name="&lt;template&gt;" type="WebApp" default="true" selected="false">
          <Host>localhost</Host>
          <Port>5050</Port>
        </configuration>
      </component>
      <component name="SQLPlugin.ProjectConfiguration">
        <queries />
      </component>
      <component name="ShelveChangesManager" show_recycled="false" />
      <component name="SvnConfiguration" maxAnnotateRevisions="500">
        <option name="USER" value="" />
        <option name="PASSWORD" value="" />
        <option name="LAST_MERGED_REVISION" />
        <option name="MERGE_DRY_RUN" value="false" />
        <option name="MERGE_DIFF_USE_ANCESTRY" value="true" />
        <option name="UPDATE_LOCK_ON_DEMAND" value="false" />
        <option name="IGNORE_SPACES_IN_MERGE" value="false" />
        <option name="DETECT_NESTED_COPIES" value="true" />
        <option name="CHECK_NESTED_FOR_QUICK_MERGE" value="false" />
        <option name="IGNORE_SPACES_IN_ANNOTATE" value="true" />
        <option name="SHOW_MERGE_SOURCES_IN_ANNOTATE" value="true" />
        <option name="FORCE_UPDATE" value="false" />
        <myIsUseDefaultProxy>false</myIsUseDefaultProxy>
      </component>
      <component name="VcsManagerConfiguration">
        <option name="OFFER_MOVE_TO_ANOTHER_CHANGELIST_ON_PARTIAL_COMMIT" value="true" />
        <option name="CHECK_CODE_SMELLS_BEFORE_PROJECT_COMMIT" value="true" />
        <option name="PERFORM_UPDATE_IN_BACKGROUND" value="true" />
        <option name="PERFORM_COMMIT_IN_BACKGROUND" value="true" />
        <option name="PERFORM_EDIT_IN_BACKGROUND" value="true" />
        <option name="PERFORM_CHECKOUT_IN_BACKGROUND" value="true" />
        <option name="PERFORM_ADD_REMOVE_IN_BACKGROUND" value="true" />
        <option name="PERFORM_ROLLBACK_IN_BACKGROUND" value="false" />
        <option name="CHECK_LOCALLY_CHANGED_CONFLICTS_IN_BACKGROUND" value="false" />
        <option name="ENABLE_BACKGROUND_PROCESSES" value="false" />
        <option name="CHANGED_ON_SERVER_INTERVAL" value="60" />
        <option name="SHOW_ONLY_CHANGED_IN_SELECTION_DIFF" value="true" />
        <option name="CHECK_COMMIT_MESSAGE_SPELLING" value="true" />
        <option name="FORCE_NON_EMPTY_COMMENT" value="false" />
        <option name="LAST_COMMIT_MESSAGE" />
        <option name="MAKE_NEW_CHANGELIST_ACTIVE" value="true" />
        <option name="OPTIMIZE_IMPORTS_BEFORE_PROJECT_COMMIT" value="false" />
        <option name="CHECK_FILES_UP_TO_DATE_BEFORE_COMMIT" value="false" />
        <option name="REFORMAT_BEFORE_PROJECT_COMMIT" value="false" />
        <option name="REFORMAT_BEFORE_FILE_COMMIT" value="false" />
        <option name="FILE_HISTORY_DIALOG_COMMENTS_SPLITTER_PROPORTION" value="0.8" />
        <option name="FILE_HISTORY_DIALOG_SPLITTER_PROPORTION" value="0.5" />
        <option name="ACTIVE_VCS_NAME" />
        <option name="UPDATE_GROUP_BY_PACKAGES" value="false" />
        <option name="UPDATE_GROUP_BY_CHANGELIST" value="false" />
        <option name="SHOW_FILE_HISTORY_AS_TREE" value="false" />
        <option name="FILE_HISTORY_SPLITTER_PROPORTION" value="0.6" />
      </component>
      <component name="XDebuggerManager">
        <breakpoint-manager />
      </component>
      <component name="ideajad">
        <property name="annotate" value="false" />
        <property name="annotateFully" value="false" />
        <property name="braces" value="false" />
        <property name="clear" value="false" />
        <property name="confirmNavigationTriggeredDecompile" value="true" />
        <property name="dead" value="true" />
        <property name="defaultInitializers" value="false" />
        <property name="dissassemblerOnly" value="false" />
        <property name="fieldsFirst" value="true" />
        <property name="fileExtension" value="java" />
        <property name="fullyQualifiedNames" value="false" />
        <property name="indentation" value="4" />
        <property name="intRadix" value="10" />
        <property name="lineNumbersAsComments" value="true" />
        <property name="longRadix" value="10" />
        <property name="maxStringLength" value="64" />
        <property name="nocast" value="false" />
        <property name="noclass" value="false" />
        <property name="nocode" value="false" />
        <property name="noconv" value="false" />
        <property name="noctor" value="false" />
        <property name="nodos" value="false" />
        <property name="nofd" value="false" />
        <property name="noinner" value="false" />
        <property name="nolvt" value="false" />
        <property name="nonlb" value="false" />
        <property name="outputDirectory" value="" />
        <property name="packFields" value="3" />
        <property name="packImports" value="7" />
        <property name="prefixNumericalClasses" value="_cls" />
        <property name="prefixNumericalFields" value="_fld" />
        <property name="prefixNumericalLocals" value="_lcl" />
        <property name="prefixNumericalMethods" value="_mth" />
        <property name="prefixNumericalParameters" value="_prm" />
        <property name="prefixUnusedExceptions" value="_ex" />
        <property name="readonly" value="false" />
        <property name="safe" value="false" />
        <property name="sort" value="false" />
        <property name="spaceAfterKeyword" value="false" />
        <property name="splitStringsAtNewline" value="false" />
        <property name="useTabs" value="false" />
      </component>
      <component name="masterDetails">
        <states>
          <state key="ArtifactsStructureConfigurable.UI">
            <settings>
              <artifact-editor />
              <splitter-proportions />
            </settings>
          </state>
          <state key="FacetStructureConfigurable.UI">
            <settings>
              <splitter-proportions />
            </settings>
          </state>
          <state key="GlobalLibrariesConfigurable.UI">
            <settings>
              <splitter-proportions>
                <option name="proportions">
                  <list>
                    <option value="0.2" />
                  </list>
                </option>
              </splitter-proportions>
            </settings>
          </state>
          <state key="JdkListConfigurable.UI">
            <settings>
              <last-edited>1.5</last-edited>
              <splitter-proportions>
                <option name="proportions">
                  <list>
                    <option value="0.2" />
                  </list>
                </option>
              </splitter-proportions>
            </settings>
          </state>
          <state key="ModuleStructureConfigurable.UI">
            <settings>
              <splitter-proportions />
            </settings>
          </state>
          <state key="ProjectJDKs.UI">
            <settings>
              <last-edited>1.6</last-edited>
              <splitter-proportions>
                <option name="proportions">
                  <list>
                    <option value="0.21212122" />
                  </list>
                </option>
              </splitter-proportions>
            </settings>
          </state>
          <state key="ProjectLibrariesConfigurable.UI">
            <settings>
              <splitter-proportions>
                <option name="proportions">
                  <list>
                    <option value="0.2" />
                  </list>
                </option>
              </splitter-proportions>
            </settings>
          </state>
        </states>
      </component>
    </defaultProject>
  </component>
</application>